Descrizione,Indirizzo ,Cap,Città
GIORGIO CONTALDI ,"VIA ENRICO NOE', 23",20133,MILANO
TI AUTOMOTIVE CISLIANO S.R.L. ,VIA ABBIATEGRASSO snc,20046,CISLIANO
HANON SYSTEMS ITALIA CAMPIGLIONE SRL a s.u.,VIA C.COLOMBO 1,10128,TORINO
TUMAC S.R.L. A SOCIO UNICO ,"Via Italia, 10/12",26855,LODI VECCHIO
SITEL SAS DI PRUSSI VIRGILIO &  C.,"VIA UMBRIA, 50",20831,SEREGNO
TILSYSTEMS SRL ,"VIABERNARDINO ZACCHETTI, 19",42124,REGGIO NELL'EMILIA
GALARDINI CABLAGGI S.R.L. ,"VIA STAZIONE, 118",21020,MORNAGO
AECO SRL ,"VIA G. LEOPARDI, 5",20065,INZAGO
TECNO-VENTIL S.P.A. ,"VIA LIBERAZIONE , 43",20068,PESCHIERA BORROMEO
MOTOVARIO S.P.A.-SOCIETA' CON SOCIO UNICO,"VIA QUATTRO PASSI, 1/3",41043,FORMIGINE
